[
  {
    "pk": 1, 
    "model": "scraping.websource", 
    "fields": {
      "description": "RSS: Google News - World", 
      "scraper_runtime": null, 
      "pattern": "http:\\/\\/news\\.google\\.com\\/.*\\?.*output=rss", 
      "scraper": 1, 
      "alias": "rss-google-world", 
      "url": "https://news.google.com/news?pz=1&cf=all&ned=us&hl=en&topic=w&zx=a26cc7drk62n&pog=false&output=rss", 
      "url_processor": "s/http:\\/\\/news\\.google\\.com\\/news\\/url\\?(.+\\&)*url=([^&]*).*$/\\2/"
    }
  }, 
  {
    "pk": 2, 
    "model": "scraping.websource", 
    "fields": {
      "description": "BBC News", 
      "scraper_runtime": null, 
      "pattern": "http://www.bbc.co.uk/news/.*", 
      "scraper": null, 
      "alias": "bbc", 
      "url": "http://www.bbc.co.uk/news/", 
      "url_processor": ""
    }
  }, 
  {
    "pk": 3, 
    "model": "scraping.websource", 
    "fields": {
      "description": "USA Today", 
      "scraper_runtime": null, 
      "pattern": "^http:\\/\\/www\\.usatoday\\.com\\/story\\/news\\/.*", 
      "scraper": 3, 
      "alias": "usatoday", 
      "url": "http://www.usatoday.com/news/", 
      "url_processor": ""
    }
  }, 
  {
    "pk": 4, 
    "model": "scraping.websource", 
    "fields": {
      "description": "New York Times", 
      "scraper_runtime": null, 
      "pattern": "^http:\\/\\/www\\.nytimes\\.com\\/.*$", 
      "scraper": 4, 
      "alias": "nytimes", 
      "url": "http://www.nytimes.com/", 
      "url_processor": ""
    }
  }, 
  {
    "pk": 1, 
    "model": "dynamic_scraper.scrapedobjclass", 
    "fields": {
      "checker_scheduler_conf": "\"MIN_TIME\": 1440,\r\n\"MAX_TIME\": 10080,\r\n\"INITIAL_NEXT_ACTION_FACTOR\": 1,\r\n\"ZERO_ACTIONS_FACTOR_CHANGE\": 5,\r\n\"FACTOR_CHANGE_FACTOR\": 1.3,\r\n", 
      "scraper_scheduler_conf": "\"MIN_TIME\": 15,\r\n\"MAX_TIME\": 10080,\r\n\"INITIAL_NEXT_ACTION_FACTOR\": 10,\r\n\"ZERO_ACTIONS_FACTOR_CHANGE\": 20,\r\n\"FACTOR_CHANGE_FACTOR\": 1.3,\r\n", 
      "name": "Article", 
      "comments": ""
    }
  }, 
  {
    "pk": 1, 
    "model": "dynamic_scraper.scrapedobjattr", 
    "fields": {
      "obj_class": 1, 
      "name": "base", 
      "attr_type": "B"
    }
  }, 
  {
    "pk": 2, 
    "model": "dynamic_scraper.scrapedobjattr", 
    "fields": {
      "obj_class": 1, 
      "name": "title", 
      "attr_type": "S"
    }
  }, 
  {
    "pk": 3, 
    "model": "dynamic_scraper.scrapedobjattr", 
    "fields": {
      "obj_class": 1, 
      "name": "description", 
      "attr_type": "S"
    }
  }, 
  {
    "pk": 4, 
    "model": "dynamic_scraper.scrapedobjattr", 
    "fields": {
      "obj_class": 1, 
      "name": "url", 
      "attr_type": "U"
    }
  }, 
  {
    "pk": 5, 
    "model": "dynamic_scraper.scrapedobjattr", 
    "fields": {
      "obj_class": 1, 
      "name": "sections", 
      "attr_type": "S"
    }
  }, 
  {
    "pk": 6, 
    "model": "dynamic_scraper.scrapedobjattr", 
    "fields": {
      "obj_class": 1, 
      "name": "images", 
      "attr_type": "I"
    }
  }, 
  {
    "pk": 7, 
    "model": "dynamic_scraper.scrapedobjattr", 
    "fields": {
      "obj_class": 1, 
      "name": "links", 
      "attr_type": "S"
    }
  }, 
  {
    "pk": 8, 
    "model": "dynamic_scraper.scrapedobjattr", 
    "fields": {
      "obj_class": 1, 
      "name": "content", 
      "attr_type": "S"
    }
  }, 
  {
    "pk": 2, 
    "model": "dynamic_scraper.scraper", 
    "fields": {
      "status": "A", 
      "pagination_page_replace": "", 
      "checker_ref_url": "", 
      "checker_x_path_result": "", 
      "name": "BBC Scraper", 
      "max_items_save": null, 
      "checker_x_path": "", 
      "pagination_append_str": "", 
      "max_items_read": null, 
      "pagination_on_start": false, 
      "pagination_type": "N", 
      "checker_type": "N", 
      "comments": "", 
      "content_type": "H", 
      "scraped_obj_class": 1
    }
  }, 
  {
    "pk": 4, 
    "model": "dynamic_scraper.scraper", 
    "fields": {
      "status": "A", 
      "pagination_page_replace": "", 
      "checker_ref_url": "", 
      "checker_x_path_result": "", 
      "name": "New York Times Scraper", 
      "max_items_save": null, 
      "checker_x_path": "", 
      "pagination_append_str": "", 
      "max_items_read": null, 
      "pagination_on_start": false, 
      "pagination_type": "N", 
      "checker_type": "N", 
      "comments": "", 
      "content_type": "H", 
      "scraped_obj_class": 1
    }
  }, 
  {
    "pk": 1, 
    "model": "dynamic_scraper.scraper", 
    "fields": {
      "status": "M", 
      "pagination_page_replace": "", 
      "checker_ref_url": "", 
      "checker_x_path_result": "", 
      "name": "RSS Article Scraper", 
      "max_items_save": 1, 
      "checker_x_path": "", 
      "pagination_append_str": "", 
      "max_items_read": 1, 
      "pagination_on_start": false, 
      "pagination_type": "N", 
      "checker_type": "N", 
      "comments": "", 
      "content_type": "X", 
      "scraped_obj_class": 1
    }
  }, 
  {
    "pk": 3, 
    "model": "dynamic_scraper.scraper", 
    "fields": {
      "status": "A", 
      "pagination_page_replace": "", 
      "checker_ref_url": "", 
      "checker_x_path_result": "", 
      "name": "USA Today", 
      "max_items_save": null, 
      "checker_x_path": "", 
      "pagination_append_str": "", 
      "max_items_read": null, 
      "pagination_on_start": false, 
      "pagination_type": "N", 
      "checker_type": "N", 
      "comments": "", 
      "content_type": "H", 
      "scraped_obj_class": 1
    }
  }, 
  {
    "pk": 1, 
    "model": "dynamic_scraper.scraperelem", 
    "fields": {
      "proc_ctxt": "", 
      "x_path": "//rss/channel/item", 
      "processors": "", 
      "scraped_obj_attr": 1, 
      "scraper": 1, 
      "from_detail_page": true, 
      "mandatory": true, 
      "reg_exp": ""
    }
  }, 
  {
    "pk": 2, 
    "model": "dynamic_scraper.scraperelem", 
    "fields": {
      "proc_ctxt": "", 
      "x_path": "title/text()", 
      "processors": "", 
      "scraped_obj_attr": 2, 
      "scraper": 1, 
      "from_detail_page": false, 
      "mandatory": true, 
      "reg_exp": ""
    }
  }, 
  {
    "pk": 3, 
    "model": "dynamic_scraper.scraperelem", 
    "fields": {
      "proc_ctxt": "", 
      "x_path": "description/text()", 
      "processors": "", 
      "scraped_obj_attr": 3, 
      "scraper": 1, 
      "from_detail_page": false, 
      "mandatory": true, 
      "reg_exp": ""
    }
  }, 
  {
    "pk": 4, 
    "model": "dynamic_scraper.scraperelem", 
    "fields": {
      "proc_ctxt": "", 
      "x_path": "link/text()", 
      "processors": "", 
      "scraped_obj_attr": 4, 
      "scraper": 1, 
      "from_detail_page": false, 
      "mandatory": true, 
      "reg_exp": ""
    }
  }, 
  {
    "pk": 5, 
    "model": "dynamic_scraper.scraperelem", 
    "fields": {
      "proc_ctxt": "", 
      "x_path": "//*[@class=story-body]", 
      "processors": "", 
      "scraped_obj_attr": 1, 
      "scraper": 2, 
      "from_detail_page": false, 
      "mandatory": true, 
      "reg_exp": ""
    }
  }, 
  {
    "pk": 6, 
    "model": "dynamic_scraper.scraperelem", 
    "fields": {
      "proc_ctxt": "", 
      "x_path": "/html/head/meta[@property=og:url]", 
      "processors": "", 
      "scraped_obj_attr": 4, 
      "scraper": 2, 
      "from_detail_page": false, 
      "mandatory": true, 
      "reg_exp": ""
    }
  }, 
  {
    "pk": 7, 
    "model": "dynamic_scraper.scraperelem", 
    "fields": {
      "proc_ctxt": "", 
      "x_path": "/html/head/title", 
      "processors": "", 
      "scraped_obj_attr": 2, 
      "scraper": 2, 
      "from_detail_page": false, 
      "mandatory": true, 
      "reg_exp": ""
    }
  }, 
  {
    "pk": 8, 
    "model": "dynamic_scraper.scraperelem", 
    "fields": {
      "proc_ctxt": "", 
      "x_path": "/html/head/meta[@name=Description]/text()", 
      "processors": "", 
      "scraped_obj_attr": 3, 
      "scraper": 2, 
      "from_detail_page": false, 
      "mandatory": true, 
      "reg_exp": ""
    }
  }, 
  {
    "pk": 9, 
    "model": "dynamic_scraper.scraperelem", 
    "fields": {
      "proc_ctxt": "", 
      "x_path": "//*[@class=story-body]/p", 
      "processors": "", 
      "scraped_obj_attr": 5, 
      "scraper": 2, 
      "from_detail_page": false, 
      "mandatory": true, 
      "reg_exp": ""
    }
  }, 
  {
    "pk": 10, 
    "model": "dynamic_scraper.scraperelem", 
    "fields": {
      "proc_ctxt": "", 
      "x_path": "//*[@class=story-body]//img", 
      "processors": "", 
      "scraped_obj_attr": 6, 
      "scraper": 2, 
      "from_detail_page": false, 
      "mandatory": true, 
      "reg_exp": ""
    }
  }, 
  {
    "pk": 11, 
    "model": "dynamic_scraper.scraperelem", 
    "fields": {
      "proc_ctxt": "", 
      "x_path": "//*[@class=story-body]//a", 
      "processors": "", 
      "scraped_obj_attr": 7, 
      "scraper": 2, 
      "from_detail_page": false, 
      "mandatory": true, 
      "reg_exp": ""
    }
  }, 
  {
    "pk": 12, 
    "model": "dynamic_scraper.scraperelem", 
    "fields": {
      "proc_ctxt": "", 
      "x_path": "//*[@class=story-body]", 
      "processors": "", 
      "scraped_obj_attr": 8, 
      "scraper": 2, 
      "from_detail_page": false, 
      "mandatory": true, 
      "reg_exp": ""
    }
  }, 
  {
    "pk": 13, 
    "model": "dynamic_scraper.scraperelem", 
    "fields": {
      "proc_ctxt": "", 
      "x_path": "/html", 
      "processors": "", 
      "scraped_obj_attr": 1, 
      "scraper": 3, 
      "from_detail_page": false, 
      "mandatory": true, 
      "reg_exp": ""
    }
  }, 
  {
    "pk": 14, 
    "model": "dynamic_scraper.scraperelem", 
    "fields": {
      "proc_ctxt": "", 
      "x_path": "head/title", 
      "processors": "", 
      "scraped_obj_attr": 2, 
      "scraper": 3, 
      "from_detail_page": false, 
      "mandatory": true, 
      "reg_exp": ""
    }
  }, 
  {
    "pk": 15, 
    "model": "dynamic_scraper.scraperelem", 
    "fields": {
      "proc_ctxt": "", 
      "x_path": "head/meta[@property=og:description]/text()", 
      "processors": "", 
      "scraped_obj_attr": 3, 
      "scraper": 3, 
      "from_detail_page": false, 
      "mandatory": true, 
      "reg_exp": ""
    }
  }, 
  {
    "pk": 16, 
    "model": "dynamic_scraper.scraperelem", 
    "fields": {
      "proc_ctxt": "", 
      "x_path": "head/meta[@property=og:url]/text()", 
      "processors": "", 
      "scraped_obj_attr": 4, 
      "scraper": 3, 
      "from_detail_page": false, 
      "mandatory": true, 
      "reg_exp": ""
    }
  }, 
  {
    "pk": 17, 
    "model": "dynamic_scraper.scraperelem", 
    "fields": {
      "proc_ctxt": "", 
      "x_path": "//*[role=main]", 
      "processors": "", 
      "scraped_obj_attr": 8, 
      "scraper": 3, 
      "from_detail_page": false, 
      "mandatory": true, 
      "reg_exp": ""
    }
  }, 
  {
    "pk": 18, 
    "model": "dynamic_scraper.scraperelem", 
    "fields": {
      "proc_ctxt": "", 
      "x_path": "//*[role=main]/p", 
      "processors": "", 
      "scraped_obj_attr": 5, 
      "scraper": 3, 
      "from_detail_page": false, 
      "mandatory": true, 
      "reg_exp": ""
    }
  }, 
  {
    "pk": 19, 
    "model": "dynamic_scraper.scraperelem", 
    "fields": {
      "proc_ctxt": "", 
      "x_path": "head/meta[@property=og:image]", 
      "processors": "", 
      "scraped_obj_attr": 6, 
      "scraper": 3, 
      "from_detail_page": false, 
      "mandatory": true, 
      "reg_exp": ""
    }
  }, 
  {
    "pk": 20, 
    "model": "dynamic_scraper.scraperelem", 
    "fields": {
      "proc_ctxt": "", 
      "x_path": "//*[role=main]/p//a", 
      "processors": "", 
      "scraped_obj_attr": 7, 
      "scraper": 3, 
      "from_detail_page": false, 
      "mandatory": true, 
      "reg_exp": ""
    }
  }, 
  {
    "pk": 21, 
    "model": "dynamic_scraper.scraperelem", 
    "fields": {
      "proc_ctxt": "", 
      "x_path": "/html", 
      "processors": "", 
      "scraped_obj_attr": 1, 
      "scraper": 4, 
      "from_detail_page": false, 
      "mandatory": true, 
      "reg_exp": ""
    }
  }, 
  {
    "pk": 22, 
    "model": "dynamic_scraper.scraperelem", 
    "fields": {
      "proc_ctxt": "", 
      "x_path": "head/meta[@property=og:title]/@content", 
      "processors": "", 
      "scraped_obj_attr": 2, 
      "scraper": 4, 
      "from_detail_page": false, 
      "mandatory": true, 
      "reg_exp": ""
    }
  }, 
  {
    "pk": 23, 
    "model": "dynamic_scraper.scraperelem", 
    "fields": {
      "proc_ctxt": "", 
      "x_path": "head/meta[@property=og:description]/@content", 
      "processors": "", 
      "scraped_obj_attr": 3, 
      "scraper": 4, 
      "from_detail_page": false, 
      "mandatory": true, 
      "reg_exp": ""
    }
  }, 
  {
    "pk": 24, 
    "model": "dynamic_scraper.scraperelem", 
    "fields": {
      "proc_ctxt": "", 
      "x_path": "head/meta[@property=og:url]/@content", 
      "processors": "", 
      "scraped_obj_attr": 4, 
      "scraper": 4, 
      "from_detail_page": false, 
      "mandatory": true, 
      "reg_exp": ""
    }
  }, 
  {
    "pk": 25, 
    "model": "dynamic_scraper.scraperelem", 
    "fields": {
      "proc_ctxt": "", 
      "x_path": "//*[@id=article]", 
      "processors": "", 
      "scraped_obj_attr": 8, 
      "scraper": 4, 
      "from_detail_page": false, 
      "mandatory": true, 
      "reg_exp": ""
    }
  }, 
  {
    "pk": 26, 
    "model": "dynamic_scraper.scraperelem", 
    "fields": {
      "proc_ctxt": "", 
      "x_path": "//*[@id=article]//p[@itemprop=articleBody]", 
      "processors": "", 
      "scraped_obj_attr": 5, 
      "scraper": 4, 
      "from_detail_page": false, 
      "mandatory": true, 
      "reg_exp": ""
    }
  }, 
  {
    "pk": 27, 
    "model": "dynamic_scraper.scraperelem", 
    "fields": {
      "proc_ctxt": "", 
      "x_path": "head/meta[@property=og:image]/@content", 
      "processors": "", 
      "scraped_obj_attr": 6, 
      "scraper": 4, 
      "from_detail_page": false, 
      "mandatory": true, 
      "reg_exp": ""
    }
  }, 
  {
    "pk": 28, 
    "model": "dynamic_scraper.scraperelem", 
    "fields": {
      "proc_ctxt": "", 
      "x_path": "//*[@id=article]//p[@itemprop=articleBody]/a", 
      "processors": "", 
      "scraped_obj_attr": 7, 
      "scraper": 4, 
      "from_detail_page": false, 
      "mandatory": true, 
      "reg_exp": ""
    }
  }
]